{"mAP": 0.9973262548446655, "precision": 0.9973262548446655, "recall": 0.0}